{
	"providers": [{
			"type": "bitmap",
			"file": "minecraft:titles/yellow_team.png",
			"ascent": -26,
			"height": 15,
			"chars": ["\u8bf5"]
		},
        {
			"type": "bitmap",
			"file": "minecraft:holograms/arrow_left.png",
			"ascent": 80,
			"height": 200,
			"chars": ["❉"]
		},
     {
			"type": "bitmap",
			"file": "minecraft:holograms/discord.png",
			"ascent": -80,
			"height": 100,
			"chars": ["肢"]
		},
      {
			"type": "bitmap",
			"file": "minecraft:titles/win_title.png",
			"ascent": 20,
			"height": 30,
			"chars": ["⬴"]
		},
      {
			"type": "bitmap",
			"file": "minecraft:titles/loose_title.png",
			"ascent": 8,
			"height": 20,
			"chars": ["⤁"]
		},
        {
			"type": "bitmap",
			"file": "minecraft:holograms/arrow_right.png",
			"ascent": 80,
			"height": 200,
			"chars": ["❈"]
		},
        {
			"type": "bitmap",
			"file": "minecraft:holograms/portal.png",
			"ascent": 8,
			"height": 180,
			"chars": ["︺"]
		},
		        {
			"type": "bitmap",
			"file": "minecraft:holograms/island.png",
			"ascent": 35,
			"height": 180,
			"chars": ["➤"]
		},
				        {
			"type": "bitmap",
			"file": "minecraft:holograms/classic.png",
			"ascent": 35,
			"height": 180,
			"chars": ["➔"]
		},
        {
			"type": "bitmap",
			"file": "minecraft:holograms/setting.png",
			"ascent": 8,
			"height": 180,
			"chars": ["︵"]
		},
        {
			"type": "bitmap",
			"file": "minecraft:holograms/balls_outline.png",
			"ascent": 28,
			"height": 330,
			"chars": ["〗"]
		},
		        {
			"type": "bitmap",
			"file": "minecraft:holograms/line.png",
			"ascent": 8,
			"height": 35,
			"chars": ["髂"]
		},
		        {
			"type": "bitmap",
			"file": "minecraft:holograms/powerup.png",
			"ascent": 0,
			"height": 35,
			"chars": ["₳"]
		},
        {
			"type": "bitmap",
			"file": "minecraft:holograms/lives_outline.png",
			"ascent": -19,
			"height": 330,
			"chars": ["︼"]
		},
        {
			"type": "bitmap",
			"file": "minecraft:titles/bargreen.png",
			"ascent": 10,
			"height": 13,
			"chars": ["✶"]
		},
        {
			"type": "bitmap",
			"file": "minecraft:titles/barbackdrop.png",
			"ascent": 10,
			"height": 30,
			"chars": ["❄"]
		},
		{
			"type": "bitmap",
			"file": "minecraft:titles/baryellow.png",
			"ascent": 10,
			"height": 13,
			"chars": ["✷"]
		},
        {
			"type": "bitmap",
			"file": "minecraft:titles/green_team.png",
			"ascent": -26,
			"height": 15,
			"chars": ["\u8bf4"]
		},
		{
			"type": "bitmap",
			"file": "minecraft:misc/num.png",
			"ascent": -49,
			"height": 9,
			"chars": ["✼╗╝▀▐▌▄█┌┘"]
		},
				{
			"type": "bitmap",
			"file": "minecraft:misc/cross.png",
			"ascent": -50,
			"height": 6,
			"chars": ["©"]
		},
		{
			"type": "bitmap",
			"file": "minecraft:titles/countdown3.png",
			"ascent": 35,
			"height": 70,
			"chars": ["\u8bf3"]
		},
		{
			"type": "bitmap",
			"file": "minecraft:titles/countdown2.png",
			"ascent": 35,
			"height": 70,
			"chars": ["\u8bf2"]
		},
		{
			"type": "bitmap",
			"file": "minecraft:titles/hart_empty.png",
			"ascent": -10,
			"height": 50,
			"chars": ["💕"]
		},
		{
			"type": "bitmap",
			"file": "minecraft:titles/fade.png",
			"ascent": 500,
			"height": 1000,
			"chars": ["\u8bf6"]
		},
		{
			"type": "bitmap",
			"file": "minecraft:titles/hart.png",
			"ascent": -10,
			"height": 50,
			"chars": ["❤"]
		},
		{
			"type": "bitmap",
			"file": "minecraft:titles/warn.png",
			"ascent": 8,
			"height": 9,
			"chars": ["\u8bf8"]
		},
		{
			"type": "bitmap",
			"file": "minecraft:holograms/green.png",
			"ascent": 30,
			"height": 30,
			"chars": ["\u0001"]
		},
		{
			"type": "bitmap",
			"file": "minecraft:titles/space_nosplit.png",
			"ascent": -32768,
			"height": -3,
			"chars": ["ꈂ"]
		},
		{
			"type": "bitmap",
			"file": "minecraft:holograms/yellow.png",
			"ascent": 30,
			"height": 30,
			"chars": ["♦"]
		},
		{
			"type": "bitmap",
			"file": "minecraft:holograms/yellow.png",
			"ascent": 35,
			"height": 100,
			"chars": ["✬"]
		},
	{
			"type": "bitmap",
			"file": "minecraft:holograms/green.png",
			"ascent": 35,
			"height": 100,
			"chars": ["⌧"]
		},
		{
			"type": "bitmap",
			"file": "minecraft:holograms/wall.png",
			"ascent": 60,
			"height": 433,
			"chars": ["✿"]
		},
		{
			"type": "bitmap",
			"file": "minecraft:holograms/count.png",
			"ascent": 8,
			"height": 17,
			"chars": ["⑤④③②①"]
		},
        {
            "type": "bitmap",
            "file": "space:font/space_split.png",
            "ascent": -32768,
            "height": -3,
            "chars": [
                "\uF801"
            ]
        },
        {
            "type": "bitmap",
            "file": "space:font/space_split.png",
            "ascent": -32768,
            "height": -4,
            "chars": [
                "\uF802"
            ]
        },
        {
            "type": "bitmap",
            "file": "space:font/space_split.png",
            "ascent": -32768,
            "height": -5,
            "chars": [
                "\uF803"
            ]
        },
        {
            "type": "bitmap",
            "file": "space:font/space_split.png",
            "ascent": -32768,
            "height": -6,
            "chars": [
                "\uF804"
            ]
        },
        {
            "type": "bitmap",
            "file": "space:font/space_split.png",
            "ascent": -32768,
            "height": -7,
            "chars": [
                "\uF805"
            ]
        },
        {
            "type": "bitmap",
            "file": "space:font/space_split.png",
            "ascent": -32768,
            "height": -8,
            "chars": [
                "\uF806"
            ]
        },
        {
            "type": "bitmap",
            "file": "space:font/space_split.png",
            "ascent": -32768,
            "height": -9,
            "chars": [
                "\uF807"
            ]
        },
        {
            "type": "bitmap",
            "file": "space:font/space_split.png",
            "ascent": -32768,
            "height": -10,
            "chars": [
                "\uF808"
            ]
        },
        {
            "type": "bitmap",
            "file": "space:font/space_split.png",
            "ascent": -32768,
            "height": -18,
            "chars": [
                "\uF809"
            ]
        },
        {
            "type": "bitmap",
            "file": "space:font/space_split.png",
            "ascent": -32768,
            "height": -34,
            "chars": [
                "\uF80A"
            ]
        },
        {
            "type": "bitmap",
            "file": "space:font/space_split.png",
            "ascent": -32768,
            "height": -66,
            "chars": [
                "\uF80B"
            ]
        },
        {
            "type": "bitmap",
            "file": "space:font/space_split.png",
            "ascent": -32768,
            "height": -130,
            "chars": [
                "\uF80C"
            ]
        },
        {
            "type": "bitmap",
            "file": "space:font/space_split.png",
            "ascent": -32768,
            "height": -258,
            "chars": [
                "\uF80D"
            ]
        },
        {
            "type": "bitmap",
            "file": "space:font/space_split.png",
            "ascent": -32768,
            "height": -514,
            "chars": [
                "\uF80E"
            ]
        },
        {
            "type": "bitmap",
            "file": "space:font/space_split.png",
            "ascent": -32768,
            "height": -1026,
            "chars": [
                "\uF80F"
            ]
        },
        {
            "type": "bitmap",
            "file": "space:font/space_split.png",
            "ascent": -65536,
            "height": -32770,
            "chars": [
                "\uF800"
            ]
        },
        {
            "type": "bitmap",
            "file": "space:font/space_split.png",
            "ascent": -32768,
            "height": 0,
            "chars": [
                "\uF821"
            ]
        },
        {
            "type": "bitmap",
            "file": "space:font/space_split.png",
            "ascent": -32768,
            "height": 1,
            "chars": [
                "\uF822"
            ]
        },
        {
            "type": "bitmap",
            "file": "space:font/space_split.png",
            "ascent": -32768,
            "height": 2,
            "chars": [
                "\uF823"
            ]
        },
        {
            "type": "bitmap",
            "file": "space:font/space_split.png",
            "ascent": -32768,
            "height": 3,
            "chars": [
                "\uF824"
            ]
        },
        {
            "type": "bitmap",
            "file": "space:font/space_split.png",
            "ascent": -32768,
            "height": 4,
            "chars": [
                "\uF825"
            ]
        },
        {
            "type": "bitmap",
            "file": "space:font/space_split.png",
            "ascent": -32768,
            "height": 5,
            "chars": [
                "\uF826"
            ]
        },
        {
            "type": "bitmap",
            "file": "space:font/space_split.png",
            "ascent": -32768,
            "height": 6,
            "chars": [
                "\uF827"
            ]
        },
        {
            "type": "bitmap",
            "file": "space:font/space_split.png",
            "ascent": -32768,
            "height": 7,
            "chars": [
                "\uF828"
            ]
        },
        {
            "type": "bitmap",
            "file": "space:font/space_split.png",
            "ascent": -32768,
            "height": 15,
            "chars": [
                "\uF829"
            ]
        },
        {
            "type": "bitmap",
            "file": "space:font/space_split.png",
            "ascent": -32768,
            "height": 31,
            "chars": [
                "\uF82A"
            ]
        },
        {
            "type": "bitmap",
            "file": "space:font/space_split.png",
            "ascent": -32768,
            "height": 63,
            "chars": [
                "\uF82B"
            ]
        },
        {
            "type": "bitmap",
            "file": "space:font/space_split.png",
            "ascent": -32768,
            "height": 127,
            "chars": [
                "\uF82C"
            ]
        },
        {
            "type": "bitmap",
            "file": "space:font/space_split.png",
            "ascent": -32768,
            "height": 255,
            "chars": [
                "\uF82D"
            ]
        },
        {
            "type": "bitmap",
            "file": "space:font/space_split.png",
            "ascent": -32768,
            "height": 511,
            "chars": [
                "\uF82E"
            ]
        },
        {
            "type": "bitmap",
            "file": "space:font/space_split.png",
            "ascent": -32768,
            "height": 1023,
            "chars": [
                "\uF82F"
            ]
        },
        {
            "type": "bitmap",
            "file": "space:font/space_split.png",
            "ascent": -65536,
            "height": 32767,
            "chars": [
                "\uF820"
            ]
        },
        {
            "type": "bitmap",
            "file": "space:font/space_nosplit.png",
            "ascent": -32768,
            "height": -3,
            "chars": [
                "\uF811"
            ]
        },
        {
            "type": "bitmap",
            "file": "space:font/space_nosplit.png",
            "ascent": -32768,
            "height": -4,
            "chars": [
                "\uF812"
            ]
        },
        {
            "type": "bitmap",
            "file": "space:font/space_nosplit.png",
            "ascent": -32768,
            "height": -5,
            "chars": [
                "\uF813"
            ]
        },
        {
            "type": "bitmap",
            "file": "space:font/space_nosplit.png",
            "ascent": -32768,
            "height": -6,
            "chars": [
                "\uF814"
            ]
        },
        {
            "type": "bitmap",
            "file": "space:font/space_nosplit.png",
            "ascent": -32768,
            "height": -7,
            "chars": [
                "\uF815"
            ]
        },
        {
            "type": "bitmap",
            "file": "space:font/space_nosplit.png",
            "ascent": -32768,
            "height": -8,
            "chars": [
                "\uF816"
            ]
        },
        {
            "type": "bitmap",
            "file": "space:font/space_nosplit.png",
            "ascent": -32768,
            "height": -9,
            "chars": [
                "\uF817"
            ]
        },
        {
            "type": "bitmap",
            "file": "space:font/space_nosplit.png",
            "ascent": -32768,
            "height": -10,
            "chars": [
                "\uF818"
            ]
        },
        {
            "type": "bitmap",
            "file": "space:font/space_nosplit.png",
            "ascent": -32768,
            "height": -18,
            "chars": [
                "\uF819"
            ]
        },
        {
            "type": "bitmap",
            "file": "space:font/space_nosplit.png",
            "ascent": -32768,
            "height": -34,
            "chars": [
                "\uF81A"
            ]
        },
        {
            "type": "bitmap",
            "file": "space:font/space_nosplit.png",
            "ascent": -32768,
            "height": -66,
            "chars": [
                "\uF81B"
            ]
        },
        {
            "type": "bitmap",
            "file": "space:font/space_nosplit.png",
            "ascent": -32768,
            "height": -130,
            "chars": [
                "\uF81C"
            ]
        },
        {
            "type": "bitmap",
            "file": "space:font/space_nosplit.png",
            "ascent": -32768,
            "height": -258,
            "chars": [
                "\uF81D"
            ]
        },
        {
            "type": "bitmap",
            "file": "space:font/space_nosplit.png",
            "ascent": -32768,
            "height": -514,
            "chars": [
                "\uF81E"
            ]
        },
        {
            "type": "bitmap",
            "file": "space:font/space_nosplit.png",
            "ascent": -32768,
            "height": -1026,
            "chars": [
                "\uF81F"
            ]
        },
        {
            "type": "bitmap",
            "file": "space:font/space_nosplit.png",
            "ascent": -65536,
            "height": -32770,
            "chars": [
                "\uF810"
            ]
        },
        {
            "type": "bitmap",
            "file": "space:font/space_nosplit.png",
            "ascent": -32768,
            "height": 0,
            "chars": [
                "\uF831"
            ]
        },
        {
            "type": "bitmap",
            "file": "space:font/space_nosplit.png",
            "ascent": -32768,
            "height": 1,
            "chars": [
                "\uF832"
            ]
        },
        {
            "type": "bitmap",
            "file": "space:font/space_nosplit.png",
            "ascent": -32768,
            "height": 2,
            "chars": [
                "\uF833"
            ]
        },
        {
            "type": "bitmap",
            "file": "space:font/space_nosplit.png",
            "ascent": -32768,
            "height": 3,
            "chars": [
                "\uF834"
            ]
        },
        {
            "type": "bitmap",
            "file": "space:font/space_nosplit.png",
            "ascent": -32768,
            "height": 4,
            "chars": [
                "\uF835"
            ]
        },
        {
            "type": "bitmap",
            "file": "space:font/space_nosplit.png",
            "ascent": -32768,
            "height": 5,
            "chars": [
                "\uF836"
            ]
        },
        {
            "type": "bitmap",
            "file": "space:font/space_nosplit.png",
            "ascent": -32768,
            "height": 6,
            "chars": [
                "\uF837"
            ]
        },
        {
            "type": "bitmap",
            "file": "space:font/space_nosplit.png",
            "ascent": -32768,
            "height": 7,
            "chars": [
                "\uF838"
            ]
        },
        {
            "type": "bitmap",
            "file": "space:font/space_nosplit.png",
            "ascent": -32768,
            "height": 15,
            "chars": [
                "\uF839"
            ]
        },
        {
            "type": "bitmap",
            "file": "space:font/space_nosplit.png",
            "ascent": -32768,
            "height": 31,
            "chars": [
                "\uF83A"
            ]
        },
        {
            "type": "bitmap",
            "file": "space:font/space_nosplit.png",
            "ascent": -32768,
            "height": 63,
            "chars": [
                "\uF83B"
            ]
        },
        {
            "type": "bitmap",
            "file": "space:font/space_nosplit.png",
            "ascent": -32768,
            "height": 127,
            "chars": [
                "\uF83C"
            ]
        },
        {
            "type": "bitmap",
            "file": "space:font/space_nosplit.png",
            "ascent": -32768,
            "height": 255,
            "chars": [
                "\uF83D"
            ]
        },
        {
            "type": "bitmap",
            "file": "space:font/space_nosplit.png",
            "ascent": -32768,
            "height": 511,
            "chars": [
                "\uF83E"
            ]
        },
        {
            "type": "bitmap",
            "file": "space:font/space_nosplit.png",
            "ascent": -32768,
            "height": 1023,
            "chars": [
                "\uF83F"
            ]
        },
        {
            "type": "bitmap",
            "file": "space:font/space_nosplit.png",
            "ascent": -65536,
            "height": 32767,
            "chars": [
                "\uF830"
            ]
        }

	]
}