{
	"credit": "Wouter",
	"texture_size": [64, 64],
	"textures": {
		"0": "model/ender_skin",
		"particle": "model/ender_skin"
	},
	"elements": [
		{
			"name": "head",
			"from": [4, 23.5, 4],
			"to": [12, 31.5, 12],
			"faces": {
				"north": {"uv": [2, 2, 4, 4], "texture": "#0"},
				"east": {"uv": [3.25, 0.75, 3.75, 1.25], "texture": "#0"},
				"south": {"uv": [3.5, 0.5, 4, 1], "texture": "#0"},
				"west": {"uv": [3.5, 0.5, 4, 1], "texture": "#0"},
				"up": {"uv": [4.75, 1.25, 4.25, 0.75], "texture": "#0"},
				"down": {"uv": [4.75, 1.25, 4.25, 1.75], "texture": "#0"}
			}
		},
		{
			"name": "body",
			"from": [4, 11.5, 6],
			"to": [12, 23.5, 10],
			"faces": {
				"north": {"uv": [5, 5, 7, 8], "texture": "#0"},
				"east": {"uv": [7, 5, 8, 8], "texture": "#0"},
				"south": {"uv": [8, 5, 10, 8], "texture": "#0"},
				"west": {"uv": [4, 5, 5, 8], "texture": "#0"},
				"up": {"uv": [7, 5, 5, 4], "texture": "#0"},
				"down": {"uv": [9, 4, 7, 5], "texture": "#0"}
			}
		},
		{
			"name": "left_arm",
			"from": [12.9975, 20.5025, 6],
			"to": [24.9975, 24.5025, 10],
			"rotation": {"angle": 45, "axis": "z", "origin": [13.9975, 22.5, 8]},
			"faces": {
				"north": {"uv": [14, 5, 13, 8], "rotation": 90, "texture": "#0"},
				"east": {"uv": [5.5, 3, 5.25, 3.25], "rotation": 270, "texture": "#0"},
				"south": {"uv": [12.25, 5, 11, 8], "rotation": 270, "texture": "#0"},
				"west": {"uv": [12, 5, 11, 4], "rotation": 270, "texture": "#0"},
				"up": {"uv": [10.25, 13, 11.25, 16], "rotation": 270, "texture": "#0"},
				"down": {"uv": [10, 5, 11, 8], "rotation": 270, "texture": "#0"}
			}
		},
		{
			"name": "left_arm",
			"from": [0, 11.5, 6],
			"to": [4, 23.5, 10],
			"rotation": {"angle": 22.5, "axis": "x", "origin": [2, 22.5, 8]},
			"faces": {
				"north": {"uv": [13, 5, 14, 8], "texture": "#0"},
				"east": {"uv": [8.75, 13, 9.75, 16], "texture": "#0"},
				"south": {"uv": [11, 5, 12.25, 8], "texture": "#0"},
				"west": {"uv": [10, 5, 11, 8], "texture": "#0"},
				"up": {"uv": [11, 5, 12, 4], "texture": "#0"},
				"down": {"uv": [5.5, 3, 5.25, 3.25], "texture": "#0"}
			}
		},
		{
			"name": "right_leg",
			"from": [7.9, -0.5, 6],
			"to": [11.9, 11.5, 10],
			"rotation": {"angle": -22.5, "axis": "y", "origin": [9.9, 5.5, 8]},
			"faces": {
				"north": {"uv": [1, 5, 2, 8], "texture": "#0"},
				"east": {"uv": [2, 5, 3, 8], "texture": "#0"},
				"south": {"uv": [3, 5, 4, 8], "texture": "#0"},
				"west": {"uv": [0, 5, 1, 8], "texture": "#0"},
				"up": {"uv": [2, 5, 1, 4], "texture": "#0"},
				"down": {"uv": [1, 2.5, 0.75, 2.75], "texture": "#0"}
			}
		},
		{
			"name": "right_leg",
			"from": [2.16135, 0.26263, 6],
			"to": [6.16135, 12.26263, 10],
			"rotation": {"angle": -22.5, "axis": "z", "origin": [3.16135, 7.26263, 8]},
			"faces": {
				"north": {"uv": [2, 5, 1, 8], "texture": "#0"},
				"east": {"uv": [3, 5, 2, 8], "texture": "#0"},
				"south": {"uv": [4, 5, 3, 8], "texture": "#0"},
				"west": {"uv": [1, 5, 0, 8], "texture": "#0"},
				"up": {"uv": [2, 5, 1, 4], "texture": "#0"},
				"down": {"uv": [1, 2.5, 0.75, 2.75], "texture": "#0"}
			}
		},
		{
			"name": "head_2nd_layer",
			"from": [3.5, 23, 3.5],
			"to": [12.5, 32, 12.5],
			"faces": {
				"north": {"uv": [10, 2, 12, 4], "texture": "#0"},
				"east": {"uv": [12, 2, 14, 4], "texture": "#0"},
				"south": {"uv": [14, 2, 16, 4], "texture": "#0"},
				"west": {"uv": [8, 2, 10, 4], "texture": "#0"},
				"up": {"uv": [14, 2, 12, 0], "texture": "#0"},
				"down": {"uv": [14, 0, 12, 2], "texture": "#0"}
			}
		},
		{
			"name": "body_2nd_layer",
			"from": [4.2, 11.02, 5.5],
			"to": [12.2, 24.03, 10.5],
			"faces": {
				"north": {"uv": [5, 9, 7, 12], "texture": "#0"},
				"east": {"uv": [4, 9, 5, 12], "texture": "#0"},
				"south": {"uv": [5, 9, 7, 12], "texture": "#0"},
				"west": {"uv": [4, 9, 5, 12], "texture": "#0"},
				"up": {"uv": [7, 9, 5, 8], "texture": "#0"},
				"down": {"uv": [9, 8, 7, 9], "texture": "#0"}
			}
		},
		{
			"name": "right_arm_2nd_layer",
			"from": [12.4975, 20.0025, 5.5],
			"to": [25.4975, 24.9925, 10.5],
			"rotation": {"angle": 45, "axis": "z", "origin": [13.9975, 22.5, 8]},
			"faces": {
				"north": {"uv": [11, 9, 12, 12], "rotation": 90, "texture": "#0"},
				"east": {"uv": [12.5, 8.5, 12.25, 8.75], "rotation": 270, "texture": "#0"},
				"south": {"uv": [10.5, 9, 11, 12], "rotation": 270, "texture": "#0"},
				"west": {"uv": [12, 9, 11, 8], "rotation": 270, "texture": "#0"},
				"up": {"uv": [10, 9, 10.75, 12], "rotation": 270, "texture": "#0"},
				"down": {"uv": [10.5, 9, 11, 12], "rotation": 270, "texture": "#0"}
			}
		},
		{
			"name": "left_arm_2nd_layer",
			"from": [-0.5, 11, 5.5],
			"to": [4.5, 24, 10.5],
			"rotation": {"angle": 22.5, "axis": "x", "origin": [2, 22.5, 8]},
			"faces": {
				"north": {"uv": [11, 9, 12, 12], "texture": "#0"},
				"east": {"uv": [11.25, 9, 12.25, 12], "texture": "#0"},
				"south": {"uv": [11, 9, 12, 12], "texture": "#0"},
				"west": {"uv": [11, 9, 12.25, 12], "texture": "#0"},
				"up": {"uv": [11.75, 8.5, 11.5, 8.25], "texture": "#0"},
				"down": {"uv": [12.75, 8.25, 12.5, 8.5], "texture": "#0"}
			}
		},
		{
			"name": "right_leg_2nd_layer",
			"from": [7.4, -1, 5.5],
			"to": [12.4, 12, 10.5],
			"rotation": {"angle": -22.5, "axis": "y", "origin": [9.9, 5.5, 8]},
			"faces": {
				"north": {"uv": [1, 13, 1.75, 16], "texture": "#0"},
				"east": {"uv": [2, 13, 3, 16], "texture": "#0"},
				"south": {"uv": [0.5, 13, 1, 16], "texture": "#0"},
				"west": {"uv": [3, 13, 3.5, 16], "texture": "#0"},
				"up": {"uv": [1.5, 12.5, 1.25, 12.25], "texture": "#0"},
				"down": {"uv": [2.25, 12.75, 2, 13], "texture": "#0"}
			}
		},
		{
			"name": "right_leg_2nd_layer",
			"from": [1.66135, -0.23737, 5.5],
			"to": [6.66135, 12.76263, 10.5],
			"rotation": {"angle": -22.5, "axis": "z", "origin": [3.16135, 7.26263, 8]},
			"faces": {
				"north": {"uv": [1, 13, 1.75, 16], "texture": "#0"},
				"east": {"uv": [2, 13, 3, 16], "texture": "#0"},
				"south": {"uv": [0.5, 13, 1, 16], "texture": "#0"},
				"west": {"uv": [3, 13, 3.5, 16], "texture": "#0"},
				"up": {"uv": [1.5, 12.5, 1.25, 12.25], "texture": "#0"},
				"down": {"uv": [2.25, 12.75, 2, 13], "texture": "#0"}
			}
		}
	],
	"display": {
		"thirdperson_righthand": {
			"rotation": [90, 12, 0],
			"translation": [-5.5, -0.5, -2.75]
		},
		"head": {
			"rotation": [0, 180, 12],
			"translation": [0, -29, 0],
			"scale": [1.6, 1.6, 1.6]
		}
	},
	"groups": [
		{
			"name": "steve",
			"origin": [8, 8, 8],
			"color": 0,
			"children": [0, 1, 2, 3, 4, 5, 6, 7, 8, 9, 10, 11]
		}
	]
}