{
	"parent": "item/handheld",
	"textures": {
		"layer0": "item/paper"
	},
	"overrides": [
		{ "predicate": {"custom_model_data":1}, "model": "holograms/logo"},
                { "predicate": {"custom_model_data":2}, "model": "hat/crown"},
                { "predicate": {"custom_model_data":3}, "model": "holograms/portal"},
                { "predicate": {"custom_model_data":4}, "model": "trophy/first"},
                { "predicate": {"custom_model_data":5}, "model": "trophy/second"},
                { "predicate": {"custom_model_data":6}, "model": "trophy/third"},
                { "predicate": {"custom_model_data":7}, "model": "trophy/none"},
                { "predicate": {"custom_model_data":8}, "model": "player/woutbelt"},
                { "predicate": {"custom_model_data":9}, "model": "player/ender"}
                  
	]
}