{
	"credit": "Made with Blockbench",
	"texture_size": [64, 64],
	"textures": {
		"0": "tanks/full_red_tank",
		"particle": "tanks/full_red_tank"
	},
	"elements": [
		{
			"from": [1, 2, 0],
			"to": [15, 7, 16],
			"faces": {
				"north": {"uv": [5.5, 14.25, 9, 15.5], "texture": "#0"},
				"east": {"uv": [13, 14.25, 9, 15.5], "texture": "#0"},
				"south": {"uv": [2, 14.25, 5.5, 15.5], "texture": "#0"},
				"west": {"uv": [9, 14.25, 13, 15.5], "texture": "#0"},
				"up": {"uv": [5.5, 10.25, 9, 14.25], "texture": "#0"},
				"down": {"uv": [2, 10.25, 5.5, 14.25], "texture": "#0"}
			}
		},
		{
			"from": [2, 0, 1],
			"to": [14, 2, 15],
			"faces": {
				"north": {"uv": [9.5, 15.5, 12.5, 16], "texture": "#0"},
				"east": {"uv": [16, 15.5, 12.5, 16], "texture": "#0"},
				"south": {"uv": [6.5, 15.5, 9.5, 16], "texture": "#0"},
				"west": {"uv": [12.5, 15.5, 16, 16], "texture": "#0"},
				"up": {"uv": [0, 0, 12, 14], "texture": "#missing"},
				"down": {"uv": [13, 12, 16, 15], "texture": "#0"}
			}
		},
		{
			"from": [3, 7, 3],
			"to": [13, 12, 13],
			"faces": {
				"north": {"uv": [11, 5.5, 13.5, 6.75], "texture": "#0"},
				"east": {"uv": [13.5, 6.75, 11, 8], "texture": "#0"},
				"south": {"uv": [8.5, 6.75, 11, 8], "texture": "#0"},
				"west": {"uv": [11, 6.75, 13.5, 8], "texture": "#0"},
				"up": {"uv": [13.5, 5.5, 16, 8], "texture": "#0"},
				"down": {"uv": [5.5, 6, 8, 11], "texture": "#missing"}
			}
		},
		{
			"from": [6.5, 7.5, -2],
			"to": [9.5, 10.5, 3],
			"faces": {
				"north": {"uv": [11.5, 4.75, 12.25, 5.5], "texture": "#0"},
				"east": {"uv": [13.5, 4.75, 12.25, 5.5], "texture": "#0"},
				"south": {"uv": [0, 0, 6, 6], "texture": "#missing"},
				"west": {"uv": [12.25, 4.75, 13.5, 5.5], "texture": "#0"},
				"up": {"uv": [12, 3.5, 12.75, 4.75], "texture": "#0"},
				"down": {"uv": [12.75, 3.5, 13.5, 4.75], "texture": "#0"}
			}
		}
	],
	"display": {
		"thirdperson_righthand": {
			"rotation": [55, 45, 0],
			"scale": [0.5, 0.5, 0.5]
		},
		"firstperson_righthand": {
			"rotation": [0, 115, 0],
			"translation": [0, 3, 0],
			"scale": [0.5, 0.5, 0.5]
		},
		"firstperson_lefthand": {
			"rotation": [0, 115, 0],
			"translation": [0, 3, 0],
			"scale": [0.5, 0.5, 0.5]
		},
		"ground": {
			"scale": [0.5, 0.5, 0.5]
		},
		"gui": {
			"rotation": [35, 135, 0],
			"translation": [0.5, 1.25, 0],
			"scale": [0.7, 0.7, 0.7]
		},
		"head": {
			"translation": [0, 1.25, 0],
			"scale": [1.5, 1.5, 1.5]
		}
	},
	"groups": [
		{
			"name": "body",
			"origin": [0, 0, 0],
			"color": 0,
			"children": [0, 1]
		},
		{
			"name": "Head",
			"origin": [0, 0, 0],
			"color": 0,
			"children": [2, 3]
		}
	]
}