{
    "__comment": "Model generated using MrCrayfish's Model Creator (http://mrcrayfish.com/modelcreator/)",
    "textures": {
        "0": "blocks/quartz_block_bottom",
        "1": "blocks/hopper_inside"
    },
    "elements": [
        {
            "name": "Cube",
            "from": [ 5.0, 0.0, 6.0 ], 
            "to": [ 10.0, 0.5, 11.0 ], 
            "faces": {
                "north": { "texture": "#0", "uv": [ 0.0, 0.0, 5.0, 0.5 ] },
                "east": { "texture": "#0", "uv": [ 0.0, 0.0, 5.0, 0.5 ] },
                "south": { "texture": "#0", "uv": [ 0.0, 0.0, 5.0, 0.5 ] },
                "west": { "texture": "#0", "uv": [ 0.0, 0.0, 5.0, 0.5 ] },
                "up": { "texture": "#0", "uv": [ 0.0, 0.0, 5.0, 5.0 ] },
                "down": { "texture": "#0", "uv": [ 0.0, 0.0, 5.0, 5.0 ] }
            }
        },
        {
            "name": "Cube",
            "from": [ 7.0, 0.4999999925494194, 6.899999998509884 ], 
            "to": [ 8.0, 0.5999999925494194, 9.899999998509884 ], 
            "faces": {
                "north": { "texture": "#1", "uv": [ 0.0, 0.0, 1.0, 0.1 ] },
                "east": { "texture": "#1", "uv": [ 0.0, 0.0, 3.0, 0.1 ] },
                "south": { "texture": "#1", "uv": [ 0.0, 0.0, 1.0, 0.1 ] },
                "west": { "texture": "#1", "uv": [ 0.0, 0.0, 3.0, 0.1 ] },
                "up": { "texture": "#1", "uv": [ 0.0, 0.0, 1.0, 3.0 ] },
                "down": { "texture": "#1", "uv": [ 0.0, 0.0, 1.0, 3.0 ] }
            }
        },
        {
            "name": "Cube",
            "from": [ 7.100000001490116, 0.5999999940395355, 8.50000000745058 ], 
            "to": [ 7.899999998509884, 0.9999999940395355, 9.50000000745058 ], 
            "faces": {
                "north": { "texture": "#0", "uv": [ 0.0, 0.0, 0.7999999970197678, 0.4 ] },
                "east": { "texture": "#0", "uv": [ 0.0, 0.0, 1.0, 0.4 ] },
                "south": { "texture": "#0", "uv": [ 0.0, 0.0, 0.7999999970197678, 0.4 ] },
                "west": { "texture": "#0", "uv": [ 0.0, 0.0, 1.0, 0.4 ] },
                "up": { "texture": "#0", "uv": [ 0.0, 0.0, 0.7999999970197678, 1.0 ] },
                "down": { "texture": "#0", "uv": [ 0.0, 0.0, 0.7999999970197678, 1.0 ] }
            }
        }
    ]
}