{
	"credit": "Wouter",
	"texture_size": [64, 64],
	"textures": {
		"0": "model/first",
		"particle": "model/first"
	},
	"elements": [
		{
			"from": [5, 1, 6],
			"to": [10, 2, 11],
			"faces": {
				"north": {"uv": [5, 5, 6.25, 5.25], "texture": "#0"},
				"east": {"uv": [3.75, 5, 5, 5.25], "texture": "#0"},
				"south": {"uv": [7.5, 5, 8.75, 5.25], "texture": "#0"},
				"west": {"uv": [6.25, 5, 7.5, 5.25], "texture": "#0"},
				"up": {"uv": [6.25, 5, 5, 3.75], "texture": "#0"},
				"down": {"uv": [7.5, 3.75, 6.25, 5], "texture": "#0"}
			}
		},
		{
			"from": [5, 6, 7],
			"to": [6, 13, 10],
			"faces": {
				"north": {"uv": [0.75, 2.75, 1, 4.5], "texture": "#0"},
				"east": {"uv": [0, 2.75, 0.75, 4.5], "texture": "#0"},
				"south": {"uv": [1.75, 2.75, 2, 4.5], "texture": "#0"},
				"west": {"uv": [1, 2.75, 1.75, 4.5], "texture": "#0"},
				"up": {"uv": [1, 2.75, 0.75, 2], "texture": "#0"},
				"down": {"uv": [1.25, 2, 1, 2.75], "texture": "#0"}
			}
		},
		{
			"from": [9, 6, 7],
			"to": [10, 13, 10],
			"faces": {
				"north": {"uv": [0.75, 2.75, 1, 4.5], "texture": "#0"},
				"east": {"uv": [0, 2.75, 0.75, 4.5], "texture": "#0"},
				"south": {"uv": [1.75, 2.75, 2, 4.5], "texture": "#0"},
				"west": {"uv": [1, 2.75, 1.75, 4.5], "texture": "#0"},
				"up": {"uv": [1, 2.75, 0.75, 2], "texture": "#0"},
				"down": {"uv": [1.25, 2, 1, 2.75], "texture": "#0"}
			}
		},
		{
			"from": [6, 6, 6],
			"to": [9, 13, 7],
			"rotation": {"angle": 0, "axis": "y", "origin": [9.5, 9.5, 8.5]},
			"faces": {
				"north": {"uv": [0.25, 2.25, 1, 4], "texture": "#0"},
				"east": {"uv": [0, 2.25, 0.25, 4], "texture": "#0"},
				"south": {"uv": [1.25, 2.25, 2, 4], "texture": "#0"},
				"west": {"uv": [1, 2.25, 1.25, 4], "texture": "#0"},
				"up": {"uv": [1, 2.25, 0.25, 2], "texture": "#0"},
				"down": {"uv": [1.75, 2, 1, 2.25], "texture": "#0"}
			}
		},
		{
			"from": [6, 6, 10],
			"to": [9, 13, 11],
			"rotation": {"angle": 0, "axis": "y", "origin": [9.5, 9.5, 8.5]},
			"faces": {
				"north": {"uv": [0.25, 2.25, 1, 4], "texture": "#0"},
				"east": {"uv": [0, 2.25, 0.25, 4], "texture": "#0"},
				"south": {"uv": [1.25, 2.25, 2, 4], "texture": "#0"},
				"west": {"uv": [1, 2.25, 1.25, 4], "texture": "#0"},
				"up": {"uv": [1, 2.25, 0.25, 2], "texture": "#0"},
				"down": {"uv": [1.75, 2, 1, 2.25], "texture": "#0"}
			}
		},
		{
			"from": [7, 2, 8],
			"to": [8, 4, 9],
			"faces": {
				"north": {"uv": [1.75, 5.25, 2, 5.75], "texture": "#0"},
				"east": {"uv": [1.5, 5.25, 1.75, 5.75], "texture": "#0"},
				"south": {"uv": [2.25, 5.25, 2.5, 5.75], "texture": "#0"},
				"west": {"uv": [2, 5.25, 2.25, 5.75], "texture": "#0"},
				"up": {"uv": [2, 5.25, 1.75, 5], "texture": "#0"},
				"down": {"uv": [2.25, 5, 2, 5.25], "texture": "#0"}
			}
		},
		{
			"from": [6, 4, 7],
			"to": [9, 6, 10],
			"faces": {
				"north": {"uv": [4.5, 2.75, 5.25, 3.25], "texture": "#0"},
				"east": {"uv": [3.75, 2.75, 4.5, 3.25], "texture": "#0"},
				"south": {"uv": [6, 2.75, 6.75, 3.25], "texture": "#0"},
				"west": {"uv": [5.25, 2.75, 6, 3.25], "texture": "#0"},
				"up": {"uv": [5.25, 2.75, 4.5, 2], "texture": "#0"},
				"down": {"uv": [6, 2, 5.25, 2.75], "texture": "#0"}
			}
		},
		{
			"from": [4, 0, 5],
			"to": [11, 1, 12],
			"faces": {
				"north": {"uv": [1.75, 1.75, 3.5, 2], "texture": "#0"},
				"east": {"uv": [0, 1.75, 1.75, 2], "texture": "#0"},
				"south": {"uv": [5.25, 1.75, 7, 2], "texture": "#0"},
				"west": {"uv": [3.5, 1.75, 5.25, 2], "texture": "#0"},
				"up": {"uv": [3.5, 1.75, 1.75, 0], "texture": "#0"},
				"down": {"uv": [5.25, 0, 3.5, 1.75], "texture": "#0"}
			}
		},
		{
			"from": [3, 12, 8],
			"to": [5, 13, 9],
			"faces": {
				"north": {"uv": [0.25, 1.5, 0.75, 1.75], "texture": "#0"},
				"east": {"uv": [0, 1.5, 0.25, 1.75], "texture": "#0"},
				"south": {"uv": [1, 1.5, 1.5, 1.75], "texture": "#0"},
				"west": {"uv": [0.75, 1.5, 1, 1.75], "texture": "#0"},
				"up": {"uv": [0.75, 1.5, 0.25, 1.25], "texture": "#0"},
				"down": {"uv": [1.25, 1.25, 0.75, 1.5], "texture": "#0"}
			}
		},
		{
			"from": [3, 8, 8],
			"to": [4, 12, 9],
			"faces": {
				"north": {"uv": [0.25, 2.25, 0.5, 3.25], "texture": "#0"},
				"east": {"uv": [0, 2.25, 0.25, 3.25], "texture": "#0"},
				"south": {"uv": [0.75, 2.25, 1, 3.25], "texture": "#0"},
				"west": {"uv": [0.5, 2.25, 0.75, 3.25], "texture": "#0"},
				"up": {"uv": [0.5, 2.25, 0.25, 2], "texture": "#0"},
				"down": {"uv": [0.75, 2, 0.5, 2.25], "texture": "#0"}
			}
		},
		{
			"from": [4, 7, 8],
			"to": [5, 8, 9],
			"faces": {
				"north": {"uv": [5.25, 3.5, 5.5, 3.75], "texture": "#0"},
				"east": {"uv": [5, 3.5, 5.25, 3.75], "texture": "#0"},
				"south": {"uv": [5.75, 3.5, 6, 3.75], "texture": "#0"},
				"west": {"uv": [5.5, 3.5, 5.75, 3.75], "texture": "#0"},
				"up": {"uv": [5.5, 3.5, 5.25, 3.25], "texture": "#0"},
				"down": {"uv": [5.75, 3.25, 5.5, 3.5], "texture": "#0"}
			}
		},
		{
			"from": [10, 7, 8],
			"to": [11, 8, 9],
			"faces": {
				"north": {"uv": [2.75, 5.25, 3, 5.5], "texture": "#0"},
				"east": {"uv": [2.5, 5.25, 2.75, 5.5], "texture": "#0"},
				"south": {"uv": [3.25, 5.25, 3.5, 5.5], "texture": "#0"},
				"west": {"uv": [3, 5.25, 3.25, 5.5], "texture": "#0"},
				"up": {"uv": [3, 5.25, 2.75, 5], "texture": "#0"},
				"down": {"uv": [3.25, 5, 3, 5.25], "texture": "#0"}
			}
		},
		{
			"from": [11, 8, 8],
			"to": [12, 12, 9],
			"faces": {
				"north": {"uv": [0.25, 0.25, 0.5, 1.25], "texture": "#0"},
				"east": {"uv": [0, 0.25, 0.25, 1.25], "texture": "#0"},
				"south": {"uv": [0.75, 0.25, 1, 1.25], "texture": "#0"},
				"west": {"uv": [0.5, 0.25, 0.75, 1.25], "texture": "#0"},
				"up": {"uv": [0.5, 0.25, 0.25, 0], "texture": "#0"},
				"down": {"uv": [0.75, 0, 0.5, 0.25], "texture": "#0"}
			}
		},
		{
			"from": [10, 12, 8],
			"to": [12, 13, 9],
			"faces": {
				"north": {"uv": [0.25, 5.25, 0.75, 5.5], "texture": "#0"},
				"east": {"uv": [0, 5.25, 0.25, 5.5], "texture": "#0"},
				"south": {"uv": [1, 5.25, 1.5, 5.5], "texture": "#0"},
				"west": {"uv": [0.75, 5.25, 1, 5.5], "texture": "#0"},
				"up": {"uv": [0.75, 5.25, 0.25, 5], "texture": "#0"},
				"down": {"uv": [1.25, 5, 0.75, 5.25], "texture": "#0"}
			}
		}
	],
	"display": {
		"firstperson_lefthand": {
			"translation": [-7.5, 11.75, 0]
		},
		"head": {
			"scale": [2, 2, 2],
			"translation": [1, -2, -1]
		}
	}
}