{
	"credit": "Wouter",
	"texture_size": [1080, 190],
	"textures": {
		"0": "titles/logo",
		"particle": "titles/logo"
	},
	"elements": [
		{
			"from": [-9, 0, 0],
			"to": [23, 10, 1],
			"faces": {
				"north": {"uv": [0, 0, 16, 16], "texture": "#0"},
				"east": {"uv": [7.60159, 12.22735, 8.56132, 15.20269], "texture": "#0"},
				"south": {"uv": [0, 0, 0.2963, 1.68421], "texture": "#0"},
				"west": {"uv": [0, 0, 0.01481, 1.68421], "texture": "#0"},
				"up": {"uv": [0, 0, 0.2963, 0.08421], "texture": "#0"},
				"down": {"uv": [0, 0, 0.2963, 0.08421], "texture": "#0"}
			}
		}
	],
	"display": {
		"head": {
			"translation": [2.25, 11, 23.75],
			"scale": [4, 4, 4]
		}
	}
}