{
	"credit": "Wouter",
	"texture_size": [1080, 190],
	"textures": {
		"0": "holograms/slimewalls",
		"1": "item/arrow",
		"particle": "holograms/slimewalls"
	},
	"elements": [
		{
			"from": [0, 0, 0],
			"to": [32, 19, 1],
			"faces": {
				"north": {"uv": [0, 0, 16, 16], "texture": "#0"},
				"east": {"uv": [5.06667, 8.14737, 5.08148, 9.83158], "texture": "#1"},
				"south": {"uv": [0, 0, 0.2963, 1.68421], "texture": "#1"},
				"west": {"uv": [0, 0, 0.01481, 1.68421], "texture": "#1"},
				"up": {"uv": [0, 0, 0.2963, 0.08421], "texture": "#1"},
				"down": {"uv": [0, 0, 0.2963, 0.08421], "texture": "#1"}
			}
		}
	],
	"display": {
		"head": {
			"translation": [-33, 0, 0],
			"scale": [4, 4, 4]
		}
	}
}