{
   "providers": [
      {
         "type": "bitmap",
         "file": "minecraft:tanks_hit_feed/hit_icon_1.png",
         "ascent": 10,
         "height": 10,
         "chars": ["\uE001"],
         "shift": [0.0, 0.0]
      },
	  {
         "type": "bitmap",
         "file": "minecraft:tanks_hit_feed/hit_icon_2.png",
         "ascent": 10,
         "height": 10,
         "chars": ["\uE002"],
         "shift": [0.0, 0.0]
      },
	  {
         "type": "bitmap",
         "file": "minecraft:tanks_hit_feed/hit_icon_3.png",
         "ascent": 10,
         "height": 10,
         "chars": ["\uE003"],
         "shift": [0.0, 0.0]
      },
	  {
         "type": "bitmap",
         "file": "minecraft:tanks_hit_feed/hit_icon_4.png",
         "ascent": 10,
         "height": 10,
         "chars": ["\uE004"],
         "shift": [0.0, 0.0]
      },
	  {
         "type": "bitmap",
         "file": "minecraft:tanks_hit_feed/hit_icon_5.png",
         "ascent": 10,
         "height": 10,
         "chars": ["\uE005"],
         "shift": [0.0, 0.0]
      },
	  {
         "type": "bitmap",
         "file": "minecraft:tanks_hit_feed/hit_icon_6.png",
         "ascent": 10,
         "height": 10,
         "chars": ["\uE006"],
         "shift": [0.0, 0.0]
      },
	  {
         "type": "bitmap",
         "file": "minecraft:tanks_hit_feed/hit_icon_7.png",
         "ascent": 10,
         "height": 10,
         "chars": ["\uE007"],
         "shift": [0.0, 0.0]
      },
	  {
         "type": "bitmap",
         "file": "minecraft:tanks_hit_feed/hit_icon_8.png",
         "ascent": 10,
         "height": 10,
         "chars": ["\uE008"],
         "shift": [0.0, 0.0]
      },
	  {
         "type": "bitmap",
         "file": "minecraft:tanks_hit_feed/hit_icon_9.png",
         "ascent": 10,
         "height": 10,
         "chars": ["\uE009"],
         "shift": [0.0, 0.0]
      },
	  {
         "type": "bitmap",
         "file": "minecraft:tanks_hit_feed/ghost.png",
         "ascent": 10,
         "height": 10,
         "chars": ["\uE010"],
         "shift": [0.0, 0.0]
      },
	  {
         "type": "bitmap",
         "file": "minecraft:tanks_hit_feed/potion_1.png",
         "ascent": 10,
         "height": 10,
         "chars": ["\uE011"],
         "shift": [0.0, 0.0]
      },
	  {
         "type": "bitmap",
         "file": "minecraft:tanks_hit_feed/potion_2.png",
         "ascent": 10,
         "height": 10,
         "chars": ["\uE012"],
         "shift": [0.0, 0.0]
      },
	  {
         "type": "bitmap",
         "file": "minecraft:tanks_hit_feed/potion_3.png",
         "ascent": 10,
         "height": 10,
         "chars": ["\uE013"],
         "shift": [0.0, 0.0]
      },
	  {
         "type": "bitmap",
         "file": "minecraft:arena_layouts/1.png",
         "ascent": 8,
         "height": 8,
         "chars": ["\uE014"],
         "shift": [0.0, 0.0]
      },
	  {
         "type": "bitmap",
         "file": "minecraft:arena_layouts/2.png",
         "ascent": 8,
         "height": 8,
         "chars": ["\uE015"],
         "shift": [0.0, 0.0]
      },
	  {
         "type": "bitmap",
         "file": "minecraft:arena_layouts/3.png",
         "ascent": 8,
         "height": 8,
         "chars": ["\uE016"],
         "shift": [0.0, 0.0]
      },
	  {
         "type": "bitmap",
         "file": "minecraft:arena_layouts/4.png",
         "ascent": 8,
         "height": 8,
         "chars": ["\uE017"],
         "shift": [0.0, 0.0]
      },
	  {
         "type": "bitmap",
         "file": "minecraft:arena_layouts/5.png",
         "ascent": 8,
         "height": 8,
         "chars": ["\uE018"],
         "shift": [0.0, 0.0]
      },
	  {
         "type": "bitmap",
         "file": "minecraft:arena_layouts/6.png",
         "ascent": 8,
         "height": 8,
         "chars": ["\uE019"],
         "shift": [0.0, 0.0]
      },
	  {
         "type": "bitmap",
         "file": "minecraft:arena_layouts/7.png",
         "ascent": 8,
         "height": 8,
         "chars": ["\uE020"],
         "shift": [0.0, 0.0]
      },
	  {
         "type": "bitmap",
         "file": "minecraft:arena_layouts/8.png",
         "ascent": 8,
         "height": 8,
         "chars": ["\uE021"],
         "shift": [0.0, 0.0]
      },
	  {
         "type": "bitmap",
         "file": "minecraft:arena_layouts/9.png",
         "ascent": 8,
         "height": 8,
         "chars": ["\uE022"],
         "shift": [0.0, 0.0]
      },
	  {
         "type": "bitmap",
         "file": "minecraft:tanks_misc/coin.png",
         "ascent": 8,
         "height": 8,
         "chars": ["\uE023"],
         "shift": [0.0, 0.0]
      },
	  {
         "type": "bitmap",
         "file": "minecraft:tanks_misc/coin_mini.png",
         "ascent": 8,
         "height": 8,
         "chars": ["\uE024"],
         "shift": [0.0, 0.0]
      },
	  {
         "type": "bitmap",
         "file": "minecraft:tanks_misc/coin_mega.png",
         "ascent": 8,
         "height": 8,
         "chars": ["\uE025"],
         "shift": [0.0, 0.0]
      },
	  {
         "type": "bitmap",
         "file": "minecraft:tanks_misc/medkit.png",
         "ascent": 8,
         "height": 8,
         "chars": ["\uE026"],
         "shift": [0.0, 0.0]
      },
	  {
         "type": "bitmap",
         "file": "minecraft:tanks_misc/absorption.png",
         "ascent": 8,
         "height": 8,
         "chars": ["\uE027"],
         "shift": [0.0, 0.0]
      },
	  {
         "type": "bitmap",
         "file": "minecraft:tanks_misc/bounce.png",
         "ascent": 8,
         "height": 8,
         "chars": ["\uE028"],
         "shift": [0.0, 0.0]
      },
	  {
         "type": "bitmap",
         "file": "minecraft:tanks_misc/haste.png",
         "ascent": 8,
         "height": 8,
         "chars": ["\uE029"],
         "shift": [0.0, 0.0]
      },
	  {
         "type": "bitmap",
         "file": "minecraft:tanks_misc/swiftness.png",
         "ascent": 8,
         "height": 8,
         "chars": ["\uE030"],
         "shift": [0.0, 0.0]
      },
	  {
         "type": "bitmap",
         "file": "minecraft:tanks_misc/mini_chest.png",
         "ascent": 8,
         "height": 8,
         "chars": ["\uE031"],
         "shift": [0.0, 0.0]
      },
	  {
         "type": "bitmap",
         "file": "minecraft:arena_layouts/10.png",
         "ascent": 8,
         "height": 8,
         "chars": ["\uE032"],
         "shift": [0.0, 0.0]
      },
	  {
         "type": "bitmap",
         "file": "minecraft:arena_layouts/11.png",
         "ascent": 8,
         "height": 8,
         "chars": ["\uE033"],
         "shift": [0.0, 0.0]
      }
	]
}
