{
	"credit": "Wouter",
	"texture_size": [64, 64],
	"textures": {
		"0": "model/lever_off",
		"particle": "model/lever_off"
	},
	"elements": [
		{
			"from": [4, -0.13333, 4.13333],
			"to": [12, 0.86667, 12.13333],
			"rotation": {"angle": 0, "axis": "x", "origin": [7.83333, 11, 1.13333]},
			"faces": {
				"north": {"uv": [2, 4.5, 4, 4.75], "texture": "#0"},
				"east": {"uv": [0, 4.5, 2, 4.75], "texture": "#0"},
				"south": {"uv": [6, 4.5, 8, 4.75], "texture": "#0"},
				"west": {"uv": [4, 4.5, 6, 4.75], "texture": "#0"},
				"up": {"uv": [4, 4.5, 2, 2.5], "texture": "#0"},
				"down": {"uv": [6, 2.5, 4, 4.5], "texture": "#0"}
			}
		},
		{
			"from": [5, 0.86667, 5.13333],
			"to": [11, 3.86667, 11.13333],
			"rotation": {"angle": 0, "axis": "x", "origin": [7.83333, 11, 1.13333]},
			"faces": {
				"north": {"uv": [1.5, 6.25, 3, 7], "texture": "#0"},
				"east": {"uv": [0, 6.25, 1.5, 7], "texture": "#0"},
				"south": {"uv": [4.5, 6.25, 6, 7], "texture": "#0"},
				"west": {"uv": [3, 6.25, 4.5, 7], "texture": "#0"},
				"up": {"uv": [3, 6.25, 1.5, 4.75], "texture": "#0"},
				"down": {"uv": [4.5, 4.75, 3, 6.25], "texture": "#0"}
			}
		},
		{
			"from": [1, 0.66667, 19.93333],
			"to": [15, 1.66667, 28.93333],
			"rotation": {"angle": 0, "axis": "x", "origin": [7.83333, 11, 1.13333]},
			"faces": {
				"north": {"uv": [2.25, 2.25, 5.75, 2.5], "texture": "#0"},
				"east": {"uv": [0, 2.25, 2.25, 2.5], "texture": "#0"},
				"south": {"uv": [8, 2.25, 11.5, 2.5], "texture": "#0"},
				"west": {"uv": [5.75, 2.25, 8, 2.5], "texture": "#0"},
				"up": {"uv": [5.75, 2.25, 2.25, 0], "texture": "#0"},
				"down": {"uv": [9.25, 0, 5.75, 2.25], "texture": "#0"}
			}
		}
	],
	"display": {
		"thirdperson_righthand": {
			"rotation": [75, 45, 0],
			"translation": [0, 2.5, 0],
			"scale": [0.375, 0.375, 0.375]
		}
	},
	"groups": [
		{
			"name": "group",
			"origin": [8, 8, 8],
			"color": 0,
			"children": [0, 1, 2]
		}
	]
}