{
	"credit": "Wouter",
	"textures": {
		"0": "model/siren",
		"particle": "model/siren"
	},
	"elements": [
		{
			"from": [5, 0, 6],
			"to": [10, 1, 11],
			"faces": {
				"north": {"uv": [0, 3, 5, 4], "texture": "#0"},
				"east": {"uv": [0, 6, 5, 7], "texture": "#0"},
				"south": {"uv": [0, 4, 5, 5], "texture": "#0"},
				"west": {"uv": [0, 5, 5, 6], "texture": "#0"},
				"up": {"uv": [9, 0, 16, 7], "texture": "#0"},
				"down": {"uv": [11, 6, 16, 11], "texture": "#0"}
			}
		},
		{
			"from": [6, 1, 7],
			"to": [9, 4, 10],
			"faces": {
				"north": {"uv": [0, 0, 3, 3], "texture": "#0"},
				"east": {"uv": [0, 0, 3, 3], "texture": "#0"},
				"south": {"uv": [0, 0, 3, 3], "texture": "#0"},
				"west": {"uv": [0, 0, 3, 3], "texture": "#0"},
				"up": {"uv": [0, 0, 3, 3], "texture": "#0"},
				"down": {"uv": [0, 0, 3, 3], "texture": "#0"}
			}
		}
	],
	"display": {}
}