{
	"credit": "Wouter",
	"textures": {
		"0": "block/empty",
                "particle": "particle/drip_fall"
	},
	"elements": [
		{
			"from": [0, 0, 0],
			"to": [0, 0, 0],
			"faces": {
				"north": {"uv": [0, 0, 0, 0], "texture": "#0", "cullface": "north"},
				"east": {"uv": [0, 0, 0, 0], "texture": "#0", "cullface": "east"},
				"south": {"uv": [0, 0, 0, 0], "texture": "#0", "cullface": "south"},
				"west": {"uv": [0, 0, 0, 0], "texture": "#0", "cullface": "west"},
				"up": {"uv": [0, 0, 0, 0], "texture": "#0", "cullface": "up"},
				"down": {"uv": [0, 0, 0, 0], "texture": "#0", "cullface": "down"}
			}
		}
	]
}