{
	"credit": "Wouter",
	"texture_size": [680, 680],
	"textures": {
		"0": "holograms/logo",
		"particle": "holograms/logo"
	},
	"elements": [
		{
			"from": [-6, 0, 0],
			"to": [32, 13, 1],
			"faces": {
				"north": {"uv": [0, 0, 0.58824, 0.21176], "texture": "#0"},
				"east": {"uv": [0, 0, 0.02353, 0.21176], "texture": "#0"},
				"south": {"uv": [0, 0, 16, 16], "texture": "#0"},
				"west": {"uv": [0, 0, 0.02353, 0.21176], "texture": "#0"},
				"up": {"uv": [0, 0, 0.58824, 0.02353], "texture": "#0"},
				"down": {"uv": [0, 0, 0.58824, 0.02353], "texture": "#0"}
			}
		}
	],
	"display": {
		"firstperson_lefthand": {
			"translation": [-7.5, 11.75, 0]
		},
		"head": {
			"scale": [4, 4, 4]
		}
	}
}