{
	"credit": "Wouter",
	"texture_size": [680, 680],
	"textures": {
		"0": "holograms/portal",
		"particle": "holograms/portal"
	},
	"elements": [
		{
			"from": [-10, 0, 0],
			"to": [28, 13, 1],
			"faces": {
				"north": {"uv": [0, 4.75, 15.75, 10.75], "texture": "#0"},
				"east": {"uv": [0, 0, 0.02353, 0.21176], "texture": "#0"},
				"south": {"uv": [0, 0, 7, 3.5], "texture": "#0"},
				"west": {"uv": [0, 0, 0.02353, 0.21176], "texture": "#0"},
				"up": {"uv": [0, 0, 0.58824, 0.02353], "texture": "#0"},
				"down": {"uv": [0, 0, 0.58824, 0.02353], "texture": "#0"}
			}
		}
	],
	"display": {
		"firstperson_lefthand": {
			"translation": [-7.5, 11.75, 0]
		},
		"head": {
			"rotation": [0, -180, 0],
			"translation": [1, 39, 0],
			"scale": [2.5, 2.5, 2.5]
		}
	}
}