{
	"custom.countdown": {
		"sounds": [
		    {
			"name": "map/cd"
		    }
		]
	},
	"custom.speedup": {
		"sounds": [
		    {
			"name": "map/speedup"
		    }
		]
	},
	"custom.confirm": {
		"sounds": [
		    {
			"name": "map/confirm"
		    }
		]
	},
	"custom.game_end": {
		"sounds": [
		    {
			"name": "map/game_end"
		    }
		]
	},
		"custom.alarm": {
		"sounds": [
		    {
			"name": "map/alarm"
		    }
		]
	},
	"custom.death": {
		"sounds": [
		    {
			"name": "map/death"
		    }
		]
	},
	"custom.ui_pop": {
		"sounds": [
		    {
			"name": "map/ui_pop"
		    }
		]
	},
	"custom.selection": {
		"sounds": [
		    {
			"name": "map/selection"
		    }
		]
	},
	"custom.star": {
		"sounds": [
		    {
			"name": "map/superstar"
		    }
		]
	},
	"custom.off": {
		"sounds": [
		    {
			"name": "map/off"
		    }
		]
	},
	"custom.on": {
		"sounds": [
		    {
			"name": "map/on"
		    }
		]
	},
	"custom.confirm2": {
		"sounds": [
		    {
			"name": "map/confirm2"
		    }
		]
	}
}