{
	"credit": "Wouter",
	"texture_size": [32, 32],
	"textures": {
		"0": "model/crown",
		"particle": "model/crown"
	},
	"elements": [
		{
			"from": [0, 0, 0],
			"to": [7, 2, 1],
			"faces": {
				"north": {"uv": [5.5, 2, 9, 3], "texture": "#0"},
				"east": {"uv": [5, 2, 5.5, 3], "texture": "#0"},
				"south": {"uv": [9.5, 2, 13, 3], "texture": "#0"},
				"west": {"uv": [9, 2, 9.5, 3], "texture": "#0"},
				"up": {"uv": [9, 2, 5.5, 1.5], "texture": "#0"},
				"down": {"uv": [12.5, 1.5, 9, 2], "texture": "#0"}
			}
		},
		{
			"from": [1, 2, 0],
			"to": [2, 3, 1],
			"rotation": {"angle": 0, "axis": "y", "origin": [1, 2, 0]},
			"faces": {
				"north": {"uv": [2, 7, 2.5, 7.5], "texture": "#0"},
				"east": {"uv": [1.5, 7, 2, 7.5], "texture": "#0"},
				"south": {"uv": [3, 7, 3.5, 7.5], "texture": "#0"},
				"west": {"uv": [2.5, 7, 3, 7.5], "texture": "#0"},
				"up": {"uv": [2.5, 7, 2, 6.5], "texture": "#0"},
				"down": {"uv": [3, 6.5, 2.5, 7], "texture": "#0"}
			}
		},
		{
			"from": [6, 2, 0],
			"to": [7, 3, 1],
			"rotation": {"angle": 0, "axis": "y", "origin": [6, 2, 0]},
			"faces": {
				"north": {"uv": [6.5, 6, 7, 6.5], "texture": "#0"},
				"east": {"uv": [6, 6, 6.5, 6.5], "texture": "#0"},
				"south": {"uv": [7.5, 6, 8, 6.5], "texture": "#0"},
				"west": {"uv": [7, 6, 7.5, 6.5], "texture": "#0"},
				"up": {"uv": [7, 6, 6.5, 5.5], "texture": "#0"},
				"down": {"uv": [7.5, 5.5, 7, 6], "texture": "#0"}
			}
		},
		{
			"from": [3, 2, 0],
			"to": [5, 3, 1],
			"rotation": {"angle": 0, "axis": "y", "origin": [3, 2, 0]},
			"faces": {
				"north": {"uv": [0.5, 5.5, 1.5, 6], "texture": "#0"},
				"east": {"uv": [0, 5.5, 0.5, 6], "texture": "#0"},
				"south": {"uv": [2, 5.5, 3, 6], "texture": "#0"},
				"west": {"uv": [1.5, 5.5, 2, 6], "texture": "#0"},
				"up": {"uv": [1.5, 5.5, 0.5, 5], "texture": "#0"},
				"down": {"uv": [2.5, 5, 1.5, 5.5], "texture": "#0"}
			}
		},
		{
			"from": [-0.025, 0, 0.975],
			"to": [0.975, 2, 7.975],
			"rotation": {"angle": 0, "axis": "y", "origin": [0.175, 2.125, 3.9]},
			"faces": {
				"north": {"uv": [8.5, 5, 9, 6], "texture": "#0"},
				"east": {"uv": [5, 5, 8.5, 6], "texture": "#0"},
				"south": {"uv": [12.5, 5, 13, 6], "texture": "#0"},
				"west": {"uv": [9, 5, 12.5, 6], "texture": "#0"},
				"up": {"uv": [9, 5, 8.5, 1.5], "texture": "#0"},
				"down": {"uv": [9.5, 1.5, 9, 5], "texture": "#0"}
			}
		},
		{
			"from": [-0.025, 2, 5.975],
			"to": [0.975, 3, 6.975],
			"rotation": {"angle": 0, "axis": "y", "origin": [0.175, 2.125, 3.9]},
			"faces": {
				"north": {"uv": [2, 7, 2.5, 7.5], "texture": "#0"},
				"east": {"uv": [1.5, 7, 2, 7.5], "texture": "#0"},
				"south": {"uv": [3, 7, 3.5, 7.5], "texture": "#0"},
				"west": {"uv": [2.5, 7, 3, 7.5], "texture": "#0"},
				"up": {"uv": [2.5, 7, 2, 6.5], "texture": "#0"},
				"down": {"uv": [3, 6.5, 2.5, 7], "texture": "#0"}
			}
		},
		{
			"from": [-0.025, 2, 0.975],
			"to": [0.975, 3, 1.975],
			"rotation": {"angle": 0, "axis": "y", "origin": [0.175, 2.125, 3.9]},
			"faces": {
				"north": {"uv": [6.5, 6, 7, 6.5], "texture": "#0"},
				"east": {"uv": [6, 6, 6.5, 6.5], "texture": "#0"},
				"south": {"uv": [7.5, 6, 8, 6.5], "texture": "#0"},
				"west": {"uv": [7, 6, 7.5, 6.5], "texture": "#0"},
				"up": {"uv": [7, 6, 6.5, 5.5], "texture": "#0"},
				"down": {"uv": [7.5, 5.5, 7, 6], "texture": "#0"}
			}
		},
		{
			"from": [-0.025, 2, 2.975],
			"to": [0.975, 3, 4.975],
			"rotation": {"angle": 0, "axis": "y", "origin": [0.175, 2.125, 3.9]},
			"faces": {
				"north": {"uv": [1, 6, 1.5, 6.5], "texture": "#0"},
				"east": {"uv": [0, 6, 1, 6.5], "texture": "#0"},
				"south": {"uv": [2.5, 6, 3, 6.5], "texture": "#0"},
				"west": {"uv": [1.5, 6, 2.5, 6.5], "texture": "#0"},
				"up": {"uv": [1.5, 6, 1, 5], "texture": "#0"},
				"down": {"uv": [2, 5, 1.5, 6], "texture": "#0"}
			}
		},
		{
			"from": [6.975, 0, 0.025],
			"to": [7.975, 2, 7.025],
			"rotation": {"angle": 0, "axis": "y", "origin": [7.475, 2.125, 4.1]},
			"faces": {
				"north": {"uv": [8.5, 5, 9, 6], "texture": "#0"},
				"east": {"uv": [5, 5, 8.5, 6], "texture": "#0"},
				"south": {"uv": [12.5, 5, 13, 6], "texture": "#0"},
				"west": {"uv": [9, 5, 12.5, 6], "texture": "#0"},
				"up": {"uv": [9, 5, 8.5, 1.5], "texture": "#0"},
				"down": {"uv": [9.5, 1.5, 9, 5], "texture": "#0"}
			}
		},
		{
			"from": [6.975, 2, 1.025],
			"to": [7.975, 3, 2.025],
			"rotation": {"angle": 0, "axis": "y", "origin": [7.475, 2.125, 4.1]},
			"faces": {
				"north": {"uv": [2, 7, 2.5, 7.5], "texture": "#0"},
				"east": {"uv": [1.5, 7, 2, 7.5], "texture": "#0"},
				"south": {"uv": [3, 7, 3.5, 7.5], "texture": "#0"},
				"west": {"uv": [2.5, 7, 3, 7.5], "texture": "#0"},
				"up": {"uv": [2.5, 7, 2, 6.5], "texture": "#0"},
				"down": {"uv": [3, 6.5, 2.5, 7], "texture": "#0"}
			}
		},
		{
			"from": [6.975, 2, 3.025],
			"to": [7.975, 3, 5.025],
			"rotation": {"angle": 0, "axis": "y", "origin": [7.475, 2.125, 4.1]},
			"faces": {
				"north": {"uv": [1, 6, 1.5, 6.5], "texture": "#0"},
				"east": {"uv": [0, 6, 1, 6.5], "texture": "#0"},
				"south": {"uv": [2.5, 6, 3, 6.5], "texture": "#0"},
				"west": {"uv": [1.5, 6, 2.5, 6.5], "texture": "#0"},
				"up": {"uv": [1.5, 6, 1, 5], "texture": "#0"},
				"down": {"uv": [2, 5, 1.5, 6], "texture": "#0"}
			}
		},
		{
			"from": [6.975, 2, 6.025],
			"to": [7.975, 3, 7.025],
			"rotation": {"angle": 0, "axis": "y", "origin": [7.475, 2.125, 4.1]},
			"faces": {
				"north": {"uv": [6.5, 6, 7, 6.5], "texture": "#0"},
				"east": {"uv": [6, 6, 6.5, 6.5], "texture": "#0"},
				"south": {"uv": [7.5, 6, 8, 6.5], "texture": "#0"},
				"west": {"uv": [7, 6, 7.5, 6.5], "texture": "#0"},
				"up": {"uv": [7, 6, 6.5, 5.5], "texture": "#0"},
				"down": {"uv": [7.5, 5.5, 7, 6], "texture": "#0"}
			}
		},
		{
			"from": [2.95, 2, 7],
			"to": [4.95, 3, 8],
			"rotation": {"angle": 0, "axis": "y", "origin": [6.875, 2.125, 4.5]},
			"faces": {
				"north": {"uv": [0.5, 5.5, 1.5, 6], "texture": "#0"},
				"east": {"uv": [0, 5.5, 0.5, 6], "texture": "#0"},
				"south": {"uv": [2, 5.5, 3, 6], "texture": "#0"},
				"west": {"uv": [1.5, 5.5, 2, 6], "texture": "#0"},
				"up": {"uv": [1.5, 5.5, 0.5, 5], "texture": "#0"},
				"down": {"uv": [2.5, 5, 1.5, 5.5], "texture": "#0"}
			}
		},
		{
			"from": [0.95, 0, 7],
			"to": [7.95, 2, 8],
			"rotation": {"angle": 0, "axis": "y", "origin": [6.875, 2.125, 4.5]},
			"faces": {
				"north": {"uv": [5.5, 2, 9, 3], "texture": "#0"},
				"east": {"uv": [5, 2, 5.5, 3], "texture": "#0"},
				"south": {"uv": [9.5, 2, 13, 3], "texture": "#0"},
				"west": {"uv": [9, 2, 9.5, 3], "texture": "#0"},
				"up": {"uv": [9, 2, 5.5, 1.5], "texture": "#0"},
				"down": {"uv": [12.5, 1.5, 9, 2], "texture": "#0"}
			}
		},
		{
			"from": [5.95, 2, 7],
			"to": [6.95, 3, 8],
			"rotation": {"angle": 0, "axis": "y", "origin": [6.875, 2.125, 4.5]},
			"faces": {
				"north": {"uv": [2, 7, 2.5, 7.5], "texture": "#0"},
				"east": {"uv": [1.5, 7, 2, 7.5], "texture": "#0"},
				"south": {"uv": [3, 7, 3.5, 7.5], "texture": "#0"},
				"west": {"uv": [2.5, 7, 3, 7.5], "texture": "#0"},
				"up": {"uv": [2.5, 7, 2, 6.5], "texture": "#0"},
				"down": {"uv": [3, 6.5, 2.5, 7], "texture": "#0"}
			}
		},
		{
			"from": [0.95, 2, 7],
			"to": [1.95, 3, 8],
			"rotation": {"angle": 0, "axis": "y", "origin": [6.875, 2.125, 4.5]},
			"faces": {
				"north": {"uv": [6.5, 6, 7, 6.5], "texture": "#0"},
				"east": {"uv": [6, 6, 6.5, 6.5], "texture": "#0"},
				"south": {"uv": [7.5, 6, 8, 6.5], "texture": "#0"},
				"west": {"uv": [7, 6, 7.5, 6.5], "texture": "#0"},
				"up": {"uv": [7, 6, 6.5, 5.5], "texture": "#0"},
				"down": {"uv": [7.5, 5.5, 7, 6], "texture": "#0"}
			}
		}
	],
	"display": {
		"thirdperson_righthand": {
			"rotation": [40, 50, 0],
			"translation": [6, 7.25, 2.25]
		},
		"firstperson_righthand": {
			"rotation": [-5, 27, 0],
			"translation": [7.5, 6.25, 0]
		},
		"ground": {
			"translation": [0, 2.25, 0]
		},
		"gui": {
			"rotation": [35, 45, 0],
			"translation": [5.5, 5, 0]
		},
		"head": {
			"rotation": [7, -1, 0],
			"translation": [8, 18, 10],
			"scale": [2.01, 2.01, 2.01]
		}
	}
}