{
	"credit": "Wouter",
	"textures": {
		"0": "model/ball_base",
		"1": "model/ball_pattern",
		"particle": "model/ball_base"
	},
	"elements": [
		{
			"from": [3, 0, 3],
			"to": [13, 10, 13],
			"rotation": {"angle": 0, "axis": "y", "origin": [5, 5, 5]},
			"faces": {
				"north": {"uv": [0, 0, 16, 16], "texture": "#0"},
				"east": {"uv": [0, 0, 16, 16], "texture": "#0"},
				"south": {"uv": [0, 0, 16, 16], "texture": "#0"},
				"west": {"uv": [0, 0, 16, 16], "texture": "#0"},
				"up": {"uv": [0, 0, 16, 16], "texture": "#0"},
				"down": {"uv": [0, 0, 16, 16], "texture": "#0"}
			}
		},
		{
			"from": [2.8, -0.1, 2.9],
			"to": [13, 10.1, 13.1],
			"rotation": {"angle": 0, "axis": "y", "origin": [5, 5, 5]},
			"faces": {
				"north": {"uv": [7, 0, 16, 9], "texture": "#1"},
				"east": {"uv": [7, 0, 16, 9], "texture": "#1"},
				"south": {"uv": [7, 0, 16, 9], "texture": "#1"},
				"west": {"uv": [7, 0, 16, 9], "texture": "#1"},
				"up": {"uv": [7, 0, 16, 9], "texture": "#1"},
				"down": {"uv": [7, 0, 16, 9], "texture": "#1"}
			}
		},
		{
			"from": [4, 10, 4],
			"to": [12, 11, 12],
			"rotation": {"angle": 0, "axis": "y", "origin": [8, 10.5, 8]},
			"faces": {
				"north": {"uv": [0, 0, 16, 9], "texture": "#0"},
				"east": {"uv": [0, 0, 16, 9], "texture": "#0"},
				"south": {"uv": [0, 0, 16, 9], "texture": "#0"},
				"west": {"uv": [0, 0, 16, 9], "texture": "#0"},
				"up": {"uv": [0, 0, 16, 16], "texture": "#0"},
				"down": {"uv": [0, 0, 16, 16], "texture": "#0"}
			}
		},
		{
			"from": [1.85, 0.75, 3.8],
			"to": [3.25, 9.15, 12.2],
			"rotation": {"angle": 0, "axis": "y", "origin": [8, 10.55, 8]},
			"faces": {
				"north": {"uv": [8, 0, 16, 1], "rotation": 90, "texture": "#1"},
				"east": {"uv": [8, 0, 16, 7], "rotation": 270, "texture": "#1"},
				"south": {"uv": [8, 0, 16, 1], "rotation": 270, "texture": "#1"},
				"west": {"uv": [8, 0, 16, 7], "rotation": 270, "texture": "#1"},
				"up": {"uv": [8, 0, 16, 1], "rotation": 270, "texture": "#1"},
				"down": {"uv": [8, 0, 16, 1], "rotation": 270, "texture": "#1"}
			}
		},
		{
			"from": [2.15, 0.95, 4],
			"to": [3.15, 8.95, 12],
			"rotation": {"angle": 0, "axis": "y", "origin": [8, 10.55, 8]},
			"faces": {
				"north": {"uv": [0, 0, 16, 9], "rotation": 90, "texture": "#0"},
				"east": {"uv": [0, 0, 16, 16], "rotation": 270, "texture": "#0"},
				"south": {"uv": [0, 0, 16, 9], "rotation": 270, "texture": "#0"},
				"west": {"uv": [0, 0, 16, 16], "rotation": 270, "texture": "#0"},
				"up": {"uv": [0, 0, 16, 9], "rotation": 270, "texture": "#0"},
				"down": {"uv": [0, 0, 16, 9], "rotation": 270, "texture": "#0"}
			}
		},
		{
			"from": [12.85, 0.75, 3.8],
			"to": [14.25, 9.15, 12.2],
			"rotation": {"angle": 0, "axis": "y", "origin": [8, 10.55, 8]},
			"faces": {
				"north": {"uv": [8, 0, 16, 1], "rotation": 90, "texture": "#1"},
				"east": {"uv": [8, 0, 16, 7], "rotation": 270, "texture": "#1"},
				"south": {"uv": [8, 0, 16, 1], "rotation": 270, "texture": "#1"},
				"west": {"uv": [8, 0, 16, 7], "rotation": 270, "texture": "#1"},
				"up": {"uv": [8, 0, 16, 1], "rotation": 270, "texture": "#1"},
				"down": {"uv": [8, 0, 16, 1], "rotation": 270, "texture": "#1"}
			}
		},
		{
			"from": [4.6, 0.95, 1.75],
			"to": [12.6, 8.95, 2.75],
			"rotation": {"angle": 0, "axis": "y", "origin": [13.6, -5.05, 8]},
			"faces": {
				"north": {"uv": [0, 0, 16, 16], "rotation": 270, "texture": "#0"},
				"east": {"uv": [0, 0, 16, 9], "rotation": 270, "texture": "#0"},
				"south": {"uv": [0, 0, 16, 16], "rotation": 270, "texture": "#0"},
				"west": {"uv": [0, 0, 16, 9], "rotation": 90, "texture": "#0"},
				"up": {"uv": [0, 0, 16, 9], "rotation": 180, "texture": "#0"},
				"down": {"uv": [0, 0, 16, 9], "texture": "#0"}
			}
		},
		{
			"from": [4.4, 0.75, 12.75],
			"to": [12.8, 9.15, 14.15],
			"rotation": {"angle": 0, "axis": "y", "origin": [13.6, -5.05, 8]},
			"faces": {
				"north": {"uv": [8, 0, 16, 7], "rotation": 270, "texture": "#1"},
				"east": {"uv": [8, 0, 16, 1], "rotation": 270, "texture": "#1"},
				"south": {"uv": [8, 0, 16, 7], "rotation": 270, "texture": "#1"},
				"west": {"uv": [8, 0, 16, 1], "rotation": 90, "texture": "#1"},
				"up": {"uv": [8, 0, 16, 1], "rotation": 180, "texture": "#1"},
				"down": {"uv": [8, 0, 16, 1], "texture": "#1"}
			}
		},
		{
			"from": [4.2, -0.9, 4],
			"to": [12.2, 0.1, 12],
			"rotation": {"angle": 0, "axis": "y", "origin": [8.6, -8.05, 13.4]},
			"faces": {
				"north": {"uv": [0, 0, 16, 9], "rotation": 180, "texture": "#0"},
				"east": {"uv": [0, 0, 16, 9], "rotation": 180, "texture": "#0"},
				"south": {"uv": [0, 0, 16, 9], "rotation": 180, "texture": "#0"},
				"west": {"uv": [0, 0, 16, 9], "rotation": 180, "texture": "#0"},
				"up": {"uv": [0, 0, 16, 16], "rotation": 90, "texture": "#0"},
				"down": {"uv": [0, 0, 16, 16], "rotation": 270, "texture": "#0"}
			}
		},
		{
			"from": [4, -1.2, 3.8],
			"to": [12.4, 0.2, 12.2],
			"rotation": {"angle": 0, "axis": "y", "origin": [8.6, -8.05, 13.4]},
			"faces": {
				"north": {"uv": [8, 0, 16, 1], "rotation": 180, "texture": "#1"},
				"east": {"uv": [8, 0, 16, 1], "rotation": 180, "texture": "#1"},
				"south": {"uv": [8, 0, 16, 1], "rotation": 180, "texture": "#1"},
				"west": {"uv": [8, 0, 16, 1], "rotation": 180, "texture": "#1"},
				"up": {"uv": [8, 0, 16, 7], "rotation": 90, "texture": "#1"},
				"down": {"uv": [8, 0, 16, 7], "rotation": 270, "texture": "#1"}
			}
		},
		{
			"from": [4.6, 0.95, 12.85],
			"to": [12.6, 8.95, 13.85],
			"rotation": {"angle": 0, "axis": "y", "origin": [13.6, -5.05, 8]},
			"faces": {
				"north": {"uv": [0, 0, 16, 16], "rotation": 270, "texture": "#0"},
				"east": {"uv": [0, 0, 16, 9], "rotation": 270, "texture": "#0"},
				"south": {"uv": [0, 0, 16, 16], "rotation": 270, "texture": "#0"},
				"west": {"uv": [0, 0, 16, 9], "rotation": 90, "texture": "#0"},
				"up": {"uv": [0, 0, 16, 9], "rotation": 180, "texture": "#0"},
				"down": {"uv": [0, 0, 16, 9], "texture": "#0"}
			}
		},
		{
			"from": [4.4, 0.75, 1.65],
			"to": [12.8, 9.15, 3.05],
			"rotation": {"angle": 0, "axis": "y", "origin": [13.6, -5.05, 8]},
			"faces": {
				"north": {"uv": [8, 0, 16, 7], "rotation": 270, "texture": "#1"},
				"east": {"uv": [8, 0, 16, 1], "rotation": 270, "texture": "#1"},
				"south": {"uv": [8, 0, 16, 7], "rotation": 270, "texture": "#1"},
				"west": {"uv": [8, 0, 16, 1], "rotation": 90, "texture": "#1"},
				"up": {"uv": [8, 0, 16, 1], "rotation": 180, "texture": "#1"},
				"down": {"uv": [8, 0, 16, 1], "texture": "#1"}
			}
		},
		{
			"from": [13.15, 0.95, 4],
			"to": [14.15, 8.95, 12],
			"rotation": {"angle": 0, "axis": "y", "origin": [8, 10.55, 8]},
			"faces": {
				"north": {"uv": [0, 0, 16, 9], "rotation": 90, "texture": "#0"},
				"east": {"uv": [0, 0, 16, 16], "rotation": 270, "texture": "#0"},
				"south": {"uv": [0, 0, 16, 9], "rotation": 270, "texture": "#0"},
				"west": {"uv": [0, 0, 16, 16], "rotation": 270, "texture": "#0"},
				"up": {"uv": [0, 0, 16, 9], "rotation": 270, "texture": "#0"},
				"down": {"uv": [0, 0, 16, 9], "rotation": 270, "texture": "#0"}
			}
		},
		{
			"from": [3.8, 9.9, 3.8],
			"to": [12.2, 11.3, 12.2],
			"rotation": {"angle": 0, "axis": "y", "origin": [5, 5, 5]},
			"faces": {
				"north": {"uv": [8, 0, 16, 1], "texture": "#1"},
				"east": {"uv": [8, 0, 16, 1], "texture": "#1"},
				"south": {"uv": [8, 0, 16, 1], "texture": "#1"},
				"west": {"uv": [8, 0, 16, 1], "texture": "#1"},
				"up": {"uv": [8, 0, 16, 7], "texture": "#1"},
				"down": {"uv": [8, 0, 16, 7], "texture": "#1"}
			}
		}
	],
	"gui_light": "front",
	"display": {
		"thirdperson_righthand": {
			"rotation": [90, -5, -89],
			"translation": [2, -0.5, 0],
			"scale": [0.6, 0.6, 0.6]
		},
		"firstperson_righthand": {
			"rotation": [16, 20, 10],
			"translation": [3, 0, 0],
			"scale": [0.6, 0.6, 0.6]
		},
		"firstperson_lefthand": {
			"rotation": [18, 20, 0],
			"translation": [6.25, 0, 0]
		},
		"ground": {
			"rotation": [2, 0, 90],
			"translation": [-2.5, 1.75, -0.25],
			"scale": [0.8, 0.8, 0.8]
		},
		"gui": {
			"rotation": [45, 45, 0],
			"translation": [0, 1.75, 0],
			"scale": [0.8, 0.8, 0.8]
		},
		"head": {
			"rotation": [-18, 23, 0],
			"translation": [0, 4.25, -1.5],
			"scale": [1.5, 1.5, 1.5]
		}
	}
}