{
	"parent": "item/handheld",
	"textures": {
		"layer0": "item/paper"
	},
	"overrides": [
		{ "predicate": {"custom_model_data":1}, "model": "misc/ball"},
                { "predicate": {"custom_model_data":2}, "model": "player/woutbelt"},
                { "predicate": {"custom_model_data":3}, "model": "player/ender"},
				{ "predicate": {"custom_model_data":4}, "model": "misc/creeper"},
				{ "predicate": {"custom_model_data":5}, "model": "misc/blaze"},
				{ "predicate": {"custom_model_data":6}, "model": "misc/slimewalls"},
				{ "predicate": {"custom_model_data":7}, "model": "misc/logo"}
                  
	]
}