{
	"credit": "Made with Blockbench",
	"texture_size": [32, 32],
	"textures": {
		"0": "projectiles/burst_pellet",
		"particle": "projectiles/burst_pellet"
	},
	"elements": [
		{
			"from": [5.5, 0, 4],
			"to": [10.5, 5, 12],
			"faces": {
				"north": {"uv": [4, 13.5, 6.5, 16], "texture": "#0"},
				"east": {"uv": [0, 13.5, 4, 16], "texture": "#0"},
				"south": {"uv": [5, 11, 7.5, 13.5], "texture": "#0"},
				"west": {"uv": [4, 13.5, 0, 16], "texture": "#0"},
				"up": {"uv": [0, 9.5, 2.5, 13.5], "texture": "#0"},
				"down": {"uv": [2.5, 13.5, 5, 9.5], "texture": "#0"}
			}
		},
		{
			"from": [8, -2, 0],
			"to": [8, 7, 11],
			"rotation": {"angle": 0, "axis": "y", "origin": [8, 2.5, 5.5]},
			"faces": {
				"north": {"uv": [0, 0, 0, 4.5], "texture": "#missing"},
				"east": {"uv": [0, 3.5, 5.5, 8], "texture": "#0"},
				"south": {"uv": [0, 0, 0, 4.5], "texture": "#missing"},
				"west": {"uv": [5.5, 3.5, 0, 8], "texture": "#0"},
				"up": {"uv": [0, 0, 0, 5.5], "texture": "#missing"},
				"down": {"uv": [0, 0, 0, 5.5], "texture": "#missing"}
			}
		},
		{
			"from": [3.5, 2.5, 0],
			"to": [12.5, 2.5, 11],
			"rotation": {"angle": 0, "axis": "z", "origin": [8, 2.5, 5.5]},
			"faces": {
				"north": {"uv": [0, 0, 0, 4.5], "rotation": 90, "texture": "#missing"},
				"east": {"uv": [0, 0, 0, 5.5], "rotation": 270, "texture": "#missing"},
				"south": {"uv": [0, 0, 0, 4.5], "rotation": 270, "texture": "#missing"},
				"west": {"uv": [0, 0, 0, 5.5], "rotation": 270, "texture": "#missing"},
				"up": {"uv": [0, 3.5, 5.5, 8], "rotation": 270, "texture": "#0"},
				"down": {"uv": [5.5, 3.5, 0, 8], "rotation": 270, "texture": "#0"}
			}
		}
	],
	"display": {
		"thirdperson_righthand": {
			"scale": [0, 0, 0]
		},
		"thirdperson_lefthand": {
			"scale": [0, 0, 0]
		},
		"firstperson_righthand": {
			"scale": [0, 0, 0]
		},
		"firstperson_lefthand": {
			"scale": [0, 0, 0]
		},
		"ground": {
			"scale": [0, 0, 0]
		},
		"gui": {
			"rotation": [-20, -143, 17],
			"translation": [2, 6.75, 0],
			"scale": [1.5, 1.5, 1.5]
		},
		"head": {
			"translation": [0, 2.5, 0],
			"scale": [1.5, 1.5, 1.5]
		}
	}
}